region,label,AP_mm,ML_mm,stl_x,stl_y,pill
mPFC,mPFC1,2.000,0.750,-0.2050,-0.7182,mPFC1+2
mPFC,mPFC2,2.250,1.150,0.1950,-0.4682,mPFC1+2
mPFC,mPFC3,2.500,0.750,-0.2050,-0.2182,mPFC3+4
mPFC,mPFC4,2.750,1.150,0.1950,0.0318,mPFC3+4
mPFC,mPFC5,3.000,0.750,-0.2050,0.2818,mPFC5+6
mPFC,mPFC6,3.250,1.150,0.1950,0.5318,mPFC5+6
mPFC,mPFC7,3.500,0.750,-0.2050,0.7818,mPFC7+8
mPFC,mPFC8,3.750,1.150,0.1950,1.0318,mPFC7+8
OFC,OFC1,4.213,0.750,-0.2050,1.4950,OFC1+2
OFC,OFC2,4.213,1.250,0.2950,1.4950,OFC1+2
OFC,OFC3,4.213,1.750,0.7950,1.4950,OFC3+4
OFC,OFC4,4.213,2.250,1.2950,1.4950,OFC3+4
OFC,OFC5,4.713,0.750,-0.2050,1.9950,OFC5+6
OFC,OFC6,4.713,1.250,0.2950,1.9950,OFC5+6
OFC,OFC7,4.713,1.750,0.7950,1.9950,OFC7+8
OFC,OFC8,4.713,2.250,1.2950,1.9950,OFC7+8
